Uniprot	phosphosites	pdb_id	phosphosites_covered
D6VTK4	S315,S331,T382	2k9p	NULL
P04386	S703	1hbw	NULL
P04386	S703	1aw6	NULL
P07248	T188	1ard	NULL
P07248	T188	1are	NULL
P07248	T188	2adr	NULL
P07248	T188	1arf	NULL
P07248	T188	1paa	NULL
P08153	S250,S261,S278,S297,S300,S492,S505,S522,T531,S660,S664,S702	1zfd	NULL
P08153	S250,S261,S278,S297,S300,S492,S505,S522,T531,S660,S664,S702	1ncs	NULL
P11927	T233	1oqp	NULL
P14737	S26,S56,T492,S493,S937	1k3n	NULL
P14737	S26,S56,T492,S493,S937	1k3q	NULL
P14737	S26,S56,T492,S493,S937	1fhr	NULL
P14737	S26,S56,T492,S493,S937	1k2n	NULL
P14737	S26,S56,T492,S493,S937	1k2m	NULL
P14737	S26,S56,T492,S493,S937	1j4k	NULL
P14737	S26,S56,T492,S493,S937	1j4p	NULL
P14737	S26,S56,T492,S493,S937	1j4q	NULL
P14737	S26,S56,T492,S493,S937	1j4l	NULL
P15442	S569,S572,S577	2yz0	NULL
P15891	S163,T165,S167,S169,T181,S183,S313	2k3b	NULL
P15891	S163,T165,S167,S169,T181,S183,S313	2rpn	NULL
P19659	T163,T765	2lpb	T163
P19659	T163,T765	2k0n	NULL
P19659	T163,T765	6aly	NULL
P22203	S108	2kz9	NULL
P22216	T731,S747	1k3j	NULL
P22216	T731,S747	1j4q	NULL
P22216	T731,S747	1qu5	NULL
P22216	T731,S747	2a0t	NULL
P22216	T731,S747	1dmz	NULL
P22216	T731,S747	1fhr	NULL
P22216	T731,S747	1fhq	NULL
P22216	T731,S747	1j4o	NULL
P22216	T731,S747	1g3g	NULL
P22216	T731,S747	2jqi	NULL
P22216	T731,S747	1j4k	NULL
P22216	T731,S747	1k3q	NULL
P22216	T731,S747	1k2m	NULL
P22216	T731,S747	1j4p	NULL
P22216	T731,S747	1j4l	NULL
P22216	T731,S747	2jqi	NULL
P22216	T731,S747	1k2n	NULL
P22216	T731,S747	1k3n	NULL
P22216	T731,S747	2jql	NULL
P32527	S50	2lwx	NULL
P32790	S437	2hbp	NULL
P32790	S437	2jt4	NULL
P32797	S340	1s40	NULL
P32797	S340	1kxl	NULL
P32917	S329	2kgn	NULL
P32917	S329	2l4u	NULL
P34216	T238,S265,T489,S495,T513,S1187	2g3q	NULL
P34217	S466,S541,S638,S640,S653	2a0t	NULL
P36022	S2117	6kjo	NULL
P36022	S2117	6kjn	NULL
P40343	S494	1q0w	NULL
P40343	S494	1q0v	NULL
P47043	S156,S515	1zw8	NULL
P47068	S103,S166	2dyf	NULL
P53165	S648	2lo3	NULL
P53550	T710	2jvb	NULL
Q03497	T189,T203,S497,S502,T512,S517,S544,S562,T575	2kym	NULL
Q03497	T189,T203,S497,S502,T512,S517,S544,S562,T575	2lcs	NULL
Q03497	T189,T203,S497,S502,T512,S517,S544,S562,T575	2rqw	NULL
Q04195	S132,S139	2rnn	NULL
Q06205	T34	4bf8	NULL
Q99383	S462	2cjk	NULL
Q99383	S462	2km8	NULL
